"TF","target","score"
"EZH2","RBM39",0.0261838634476702
"EZH2","RNF167",0.176447705850606
"EZH2","UBE2D3",0.105978164791933
"EZH2","RC3H2",0.151330604956124
"EZH2","ANKFY1",0.166783290681575
"EZH2","NCOA4",0.087825199143179
"EZH2","SMNDC1",0.184655428201594
"EZH2","RPL17-C18orf32",1.00572235275743
"EZH2","DNAJB4",0.0946215595754462
"EZH2","LPXN",0.0633104069554227
"EZH2","ERGIC2",0.203246244763308
"EZH2","NAA35",0.112109784210853
"EZH2","ZNF346",0.0868914154537525
"EZH2","CD2AP",0.0822559037176417
"EZH2","HSPA4",0.587166743922638
"EZH2","DRG1",0.165427409072462
"EZH2","CEP350",0.197120828536031
"EZH2","PRDX1",0.0623774118286293
"EZH2","TROAP",0.468500550179622
"EZH2","LSM14A",0.100460899293667
"EZH2","SUGP1",0.216788435740263
"EZH2","SEC62",0.0341701839032262
"EZH2","CNOT3",0.095901464898094
"EZH2","CLPTM1",0.311575419315002
"EZH2","CHMP1A",0.48848436895578
"EZH2","YIPF3",0.319201705490087
"EZH2","PSMB2",0.0824600588626427
"EZH2","EIF5",0.028696398632931
"EZH2","POLDIP3",0.185090420702649
"EZH2","CCT8",0.0816965731486849
"EZH2","TLK1",0.104318374389725
"EZH2","SMIM10L1",0.257927928937712
"EZH2","TRIM74",0.0281578194639274
"EZH2","BZW1",0.0339614747614664
"EZH2","MAFTRR",1.6600385690027
"EZH2","EIF3A",0.41813507771748
"EZH2","DGKZ",0.399333479763301
"EZH2","LSM8",0.132699420375466
"EZH2","ERH",0.0728578777387368
"EZH2","C10orf111",0.218929843640561
"EZH2","DNAJC27",0.274908809038542
"EZH2","GPR19",2.11471391271963
"EZH2","DGUOK",0.079421095168723
"EZH2","STAG2",0.0631415564613213
"EZH2","SSR1",0.289293800952249
"EZH2","CACYBP",0.184063120428364
"EZH2","NFX1",0.12116220414751
"EZH2","PAXBP1",0.0784677873259673
"EZH2","ZNF582",1.47609460255152
"EZH2","ANKRD54",0.187484755322029
"EZH2","C5orf24",0.678929921633492
"EZH2","PPM1G",0.280105097229769
"EZH2","SH3GLB1",0.103558458192799
"EZH2","SNRPG",0.146832060784495
"EZH2","NAA15",0.0943490429836978
"PRDM1","UBLCP1",0.547057674653205
"PRDM1","MARK2",0.504814328628794
"PRDM1","ING4",0.425005880627895
"PRDM1","PFN1",0.395961062456174
"PRDM1","ARHGAP30",0.449712324166922
"PRDM1","LIMD2",1.5880595548291
"PRDM1","RNF167",0.527079945373535
"PRDM1","ATP6V1D",0.409561606330009
"PRDM1","EIF4E2",1.18602041610224
"PRDM1","YKT6",0.398192797306869
"PRDM1","GNAI2",0.490589052255837
"PRDM1","FAM149B1",1.94639876328576
"PRDM1","VMP1",0.781057097989192
"PRDM1","PSMB7",0.527493205646952
"PRDM1","SH3BP5L",0.395860981555305
"PRDM1","NME7",0.463624784229251
"PRDM1","SLF1",2.26794973959121
"PRDM1","CORO1A",0.84860133497499
"PRDM1","LRRC8A",0.563025181986597
"PRDM1","GTPBP2",0.397921913270134
"PRDM1","NOC3L",0.467434397241938
"PRDM1","ARPC4",0.434621710419126
"PRDM1","SUB1",0.86567820793903
"PRDM1","DNAJC1",0.496790209249424
"PRDM1","DAXX",0.771085980954003
"PRDM1","POLDIP2",0.658722047242335
"PRDM1","LIMD1",0.737330155772354
"PRDM1","AREL1",0.474997037479057
"PRDM1","C14orf119",0.425286783994602
"PRDM1","PCED1A",0.473914594489111
"PRDM1","JAML",0.447612989694161
"PRDM1","CISTR",0.7602752657249
"PRDM1","UBE2E1",0.609109160970421
"PRDM1","ARHGAP25",0.41872386339853
"PRDM1","ETV1",1.25946807245531
"PRDM1","RPS6KA1",0.937591346598223
"PRDM1","NCSTN",0.641556889141106
"PRDM1","MLF2",0.459537245451067
"PRDM1","MTRF1",0.778971339990772
"PRDM1","TBPL1",0.902466179529643
"PRDM1","DOK2",0.59209919351841
"PRDM1","SPOP",0.789857768881083
"PRDM1","WDR1",1.17839301018913
"PRDM1","DPP3",0.633195516959551
"PRDM1","AFTPH",1.20575784592859
"PRDM1","GOSR2",0.860573545865408
"PRDM1","RCSD1",0.488606035707561
"PRDM1","PRDM8",0.916156319869503
"PRDM1","SPN",0.453333257895975
"PRDM1","TMEM87A",0.624574764322806
"PRDM1","STIM1",0.699201650864786
"PRDM1","DYNLRB2",0.600334983999797
"PRDM1","SPRY2",0.405129135755362
"PRDM1","PIK3R5",0.851175555228371
"PRDM1","CXCR3",0.462698946462166
"PRDM1","ESRRG",0.492964920603239
"PRDM1","PYHIN1",0.452040336774237
"PRDM1","PARVG",0.529289806071851
"PRDM1","SRP54",0.511337436084742
"PRDM1","SLC9A3R1",0.841461707900178
"PRDM1","SFT2D1",0.694096960276778
"PRDM1","CLCN3",0.928642787402651
"PRDM1","VAMP1",0.959360772315356
"PRDM1","ACTG1",0.567231600814231
"PRDM1","MAT2B",0.635067061444431
"PRDM1","LGALS3",0.455410637853374
"PRDM1","CARHSP1",0.455549529170335
"PRDM1","NFAT5",0.46269762267298
"PRDM1","DCP2",0.970479339854486
"PRDM1","CNPPD1",0.482642805831706
"PRDM1","AGO1",0.552061168187988
"PRDM1","TNFRSF1B",0.801983593435537
"PRDM1","ABHD13",1.21171985366817
"PRDM1","CPNE2",0.409779999354848
"PRDM1","UQCRC2",0.739983106320546
"PRDM1","NBR2",0.505048899418247
"PRDM1","HIVEP2",0.623861108011647
"PRDM1","KIAA0232",1.74543993060133
"PRDM1","FBXL12",0.661263820205584
"PRDM1","PACSIN1",0.498658597965468
"PRDM1","TMUB1",0.40685860337157
"PRDM1","RPL26L1",0.918661911588482
"PRDM1","LINC00467",0.622406980045685
"PRDM1","CHMP2A",0.905668361342792
"PRDM1","GTDC1",0.426192810190336
"PRDM1","PPP1CA",0.971771776533662
"PRDM1","DIAPH1",0.485394819327129
"PRDM1","MXD4",0.777448543459972
"PRDM1","ZC3H12D",0.677668273640254
"PRDM1","SIL1",0.586957758677364
"PRDM1","RAB37",1.25995225214421
"PRDM1","MIR3142HG",0.40433249489063
"PRDM1","TMEM175",0.587359325160847
"PRDM1","NUDT18",1.77186911490994
"PRDM1","PSD2",0.471573605097386
"PRDM1","GPR68",0.474819411550068
"PRDM1","TMEM72-AS1",3.26608505300637
"PRDM1","RNF31",0.408025820052142
"PRDM1","DBNL",1.04037141992798
"PRDM1","RAB35",0.444220175647744
"PRDM1","HPF1",0.600308367681817
"PRDM1","LINC01426",1.46673048036357
"PRDM1","LINC00426",1.00089632022684
"PRDM1","ATG5",0.427371643409955
"PRDM1","DDT",0.62692870470835
"PRDM1","PTPN3",0.440383417199798
"PRDM1","UBXN2B",0.399371383465096
"PRDM1","UCP2",0.47526448951146
"PRDM1","STAU1",0.432215281815785
"PRDM1","PTPRN2",1.12923825894958
"PRDM1","ANKHD1",0.542710111899656
"PRDM1","NFATC3",0.549384869690092
"PRDM1","INO80C",0.499100987089141
"PRDM1","TATDN2",0.499208699905717
"PRDM1","ADIPOR2",0.406336227331421
"PRDM1","PPP2R5C",0.534177126697134
"PRDM1","SPATA13",0.605801060181193
"PRDM1","GIN1",0.432425005103025
"PRDM1","TAF10",0.407013871386299
"PRDM1","VILL",0.534668501310927
"PRDM1","GTPBP1",0.729322984821597
"PRDM1","ASB2",1.17078282546828
"PRDM1","PC",0.724993195679622
"PRDM1","ITPRIP",0.438749187503192
"PRDM1","SLC1A5",0.506125250412523
"PRDM1","ATP2B4",0.909716750827703
"PRDM1","SLC16A3",1.18148811176375
"PRDM1","PAK1",0.756902754538867
"PRDM1","CACYBP",0.477592786561155
"PRDM1","ATG4C",0.619939102623799
"PRDM1","MED7",1.25133234217948
"PRDM1","CBLB",0.604660830069844
"PRDM1","SLC25A37",0.54235480515734
"PRDM1","PRDM1",1
"PRDM1","B4GALT1-AS1",0.590791607752816
"PRDM1","DGKH",0.851714397660872
"PRDM1","CCDC102A",1.0472053976359
"PRDM1","DZIP3",0.609010981781418
"PRDM1","PIM3",2.33044446571573
"PRDM1","NR4A3",0.687859666096707
"PRDM1","FLNA",0.792401180237694
"PRDM1","CTSB",0.895727025773437
"PRDM1","ZBTB32",0.837044227511513
"TAF7","TSPAN31",0.183100353693013
"TAF7","ZNF384",0.264040530893087
"TAF7","UBLCP1",0.119882416084964
"TAF7","SLC25A11",2.63582202542633
"TAF7","CAP1",0.0764715337738124
"TAF7","DNAJA2",0.081959646497264
"TAF7","NOSIP",0.10216033870093
"TAF7","CPSF3",0.330385405329796
"TAF7","ITGB1BP1",0.24812409891451
"TAF7","ATP6V1G2-DDX39B",0.1789561589248
"TAF7","CYB561A3",0.758152614931493
"TAF7","ZNF101",0.126458383996505
"TAF7","TRIP12",0.0817388835864536
"TAF7","TTF1",0.117252626914898
"TAF7","MTA2",0.15004390510505
"TAF7","YIPF3",0.126904326973108
"TAF7","TMEM208",0.229462204799243
"TAF7","NIP7",0.179376926296173
"TAF7","COG8",0.281506634089613
"TAF7","AP1B1",0.179520984623579
"TAF7","UMAD1",0.975073668914722
"TAF7","SUPT4H1",0.243829728209936
"TAF7","ING4",0.209107218016578
"TAF7","SS18",0.145377602498023
"TAF7","EIF4E2",0.183033137608725
"TAF7","ARHGEF7",0.120487809367118
"TAF7","MARK2",0.546833007996561
"TAF7","PDAP1",0.121359986753053
"TAF7","CD2BP2",0.248868270234871
"TAF7","UTP14A",0.144399190500657
"TAF7","ERCC3",0.137026442262366
"TAF7","NKIRAS2",0.119992230965642
"TAF7","RSL24D1",0.0441160310780332
"TAF7","COA5",0.50946691752535
"TAF7","UBL5",0.162842766696615
"TAF7","CCDC71",0.170362965948856
"TAF7","FUBP3",0.169876104738804
"TAF7","TANK",0.127456473879014
"TAF7","ST20",0.0773442650977093
"TAF7","NOC3L",0.124475178729693
"TAF7","PIK3C3",0.151530968160554
"TAF7","TMEM199",0.497537139550421
"TAF7","FAM91A1",0.130017175494898
"TAF7","ARPC4",0.256664883449959
"TAF7","ZNF333",0.981369149594012
"TAF7","TMEM59",0.107867227639701
"TAF7","ANXA4",0.295035296158507
"TAF7","USPL1",0.453999505091665
"TAF7","MTX3",0.376426419813709
"TAF7","CCP110",0.192991790942117
"TAF7","TFB1M",0.72415828302836
"TAF7","RPL32P3",0.231385837602763
"TAF7","MED31",0.294961211996737
"TAF7","MRPL51",0.432466540839659
"TAF7","UGDH",0.0001748362458882
"TAF7","EYA3",0.892769030158707
"TAF7","SYVN1",0.139161258959432
"TAF7","SPTLC2",0.183054166073195
"TAF7","ABCB7",0.119490979833835
"TAF7","ITPA",0.387170316570039
"TAF7","DMAP1",0.182428914330218
"TAF7","EIF1AD",0.248083727646427
"TAF7","GNL1",0.368662984237768
"TAF7","CHMP1A",0.181602965614127
"TAF7","MUL1",0.119523256561191
"TAF7","TRAPPC4",0.266712175163277
"TAF7","C16orf91",0.121543753682678
"TAF7","ENTPD1-AS1",0.107465328562273
"TAF7","MBD1",1.12241403756577
"TAF7","TMEM230",0.0568416017834326
"TAF7","NBPF9",0.135969402568746
"TAF7","NBPF8",0.396802513938552
"TAF7","ZNF165",2.07479786464822e-05
"TAF7","COX17",0.0971549629811829
"TAF7","LAMTOR3",0.599525610299441
"TAF7","GON4L",0.109679828463207
"TAF7","CPSF7",0.159417513059774
"TAF7","LSM5",0.402121535191573
"TAF7","SURF4",0.54383117224538
"TAF7","TCEANC",0.194863574067734
"TAF7","ERMARD",0.120590273641434
"TAF7","UBR7",0.134511192163145
"TAF7","UTP3",0.725531646542133
"TAF7","CHD2",0.0454559950636453
"TAF7","COA6",0.0989755179527199
"TAF7","FAM110A",0.166900500250265
"TAF7","NAPSA",0.0880786526834572
"TAF7","DDT",0.318297597700408
"TAF7","FAM200A",0.196869131439992
"TAF7","ERLEC1",0.101524941820265
"TAF7","KMT5A",0.255187711735717
"TAF7","MRPL52",0.14502452605225
"TAF7","METTL23",0.0767910689030632
"TAF7","NXN",0.788569609394467
"TAF7","CDK11B",0.120904836185427
"TAF7","TMX2",0.312367658788817
"TAF7","SDAD1",0.0758903492203126
"TAF7","UNC45A",0.487255874877738
"TAF7","HDHD2",0.147760022707674
"TAF7","TAF7",1
"TAF7","NUMA1",0.442291893199405
"TAF7","JAK3",0.127754103878409
"TAF7","KRCC1",0.39438038063442
"TAF7","CYB561",0.238273798287907
"TAF7","PEF1",0.704437011009044
"TAF7","SASH3",0.17179874126082
"TAF7","ELAVL1",0.115895638611495
"TAF7","WBP1L",0.236820671508618
"TAF7","DHX38",0.440485207290558
"TAF7","THAP7",0.248243039722035
"TAF7","ANKRD28",0.151099840869103
"TAF7","MAGEH1",0.152538988286511
"TAF7","CHCHD2",0.123844822249856
"TAF7","FAM107B",0.181764835923605
"TAF7","YIPF4",0.823331273596584
"TAF7","ZNF197",0.17523888295801
"TAF7","SASS6",0.839097450592457
"TAF7","CEP85L",0.161728731347387
"TAF7","ZNF79",0.22883223646084
"TAF7","C11orf24",0.142241637526372
"TAF7","ADAM17",0.229337329536547
"TAF7","AKT2",0.222367109351975
"TAF7","TUFM",0.0779389760895486
"TAF7","PAIP2",0.0399590467072627
"TAF7","PPIG",0.0696809382936632
"TAF7","MAP4K4",0.110348865153729
"TAF7","ATXN1L",0.823438236402278
"TAF7","ZNF132",0.263073224670867
"TAF7","TRABD",0.359263386548912
"TAF7","TAOK1",0.116121687153253
"TAF7","ACAP2",0.290191388798316
"TAF7","TNFAIP1",0.764399968158784
"TAF7","UBE2E1",0.29589271108756
"TAF7","RBM34",0.217945345605703
"TAF7","RB1CC1",0.200154956537787
"TAF7","TRMT6",0.213976960883613
"TAF7","FAM32A",0.0921009718742996
"TAF7","USP9X",0.0899081714432905
"TAF7","SBK1",0.289103604405009
"TAF7","MAPKAP1",0.178055975155807
"TAF7","NUP107",0.147964359253396
"TAF7","ZMPSTE24",0.259755213924884
"TAF7","ZNF461",0.163197763713038
"TAF7","SSSCA1",0.674309396841782
"TAF7","NEK7",0.195687419928706
"TAF7","RAE1",0.25424898227002
"TAF7","PTPRG",0.787042038952391
"TAF7","TRAF3IP3",0.0805488332052576
"TAF7","FRMD4A",0.616370704908019
"TAF7","BMPR1B",0.407323846004784
"TAF7","INO80B-WBP1",0.103133546891376
"TAF7","MTSS1",0.333519030102936
"TAF7","ZFP64",0.262629967629366
"TAF7","MRPL54",0.113693397726063
"TAF7","SEPT9",0.114430328707053
"TAF7","SLAIN2",0.104995006384032
"TAF7","DHPS",2.1106546643519
"TAF7","CORO7",0.292226063433307
"TAF7","COX14",0.180091437077249
"TAF7","MAFTRR",0.654040216817105
"TAF7","SCAF1",0.335803710610316
"TAF7","CYP4F12",0.0541341120441964
"TAF7","KLHDC4",0.543541473634898
"TAF7","NAB1",0.550237058707718
"TAF7","HNRNPUL1",0.284498934551514
"TAF7","NTPCR",0.787977418055703
"TAF7","NEDD4L",0.898392625677622
"TAF7","ZNF200",0.219715256329764
"TAF7","CSRP1",0.160326907013381
"TAF7","ISOC2",0.144538575309838
"TAF7","ANKRD6",0.105720998396666
"TAF7","MRPS22",0.134431572641792
"TAF7","RRAS",0.532265479377767
"TAF7","CASP8",0.0622509347683883
"TAF7","SLC44A1",0.0742816525004941
"TAF7","ITGB2",0.0707555208823571
"TAF7","MAD2L1BP",0.165543914148166
"TAF7","ZNF235",0.42962389179453
"TAF7","FHL2",0.0723479789795401
"TAF7","SH2B3",0.18096802475075
"TAF7","ANKRD20A5P",0.0965687185555673
"TAF7","NID1",1.34525423364408
"TAF7","NAPEPLD",0.110926250487865
"TAF7","MET",0.369132824020545
"TAF7","NSUN5",0.159461165144814
"TAF7","LINC00862",0.26764692847049
"TAF7","MMP25-AS1",0.309805609024719
"TAF7","RTN4",0.16611940528364
"TAF7","ITFG1",0.198771262384896
"TAF7","PTPN14",0.301315046647568
"TAF7","LNX1",0.413254948704273
"TAF7","STAG2",0.102734777145684
"TAF7","TCP1",0.21862153057516
"TAF7","NCAPD3",0.16517510185595
"TAF7","RNASEH1",0.152771960575153
"TAF7","IFI27L2",0.0907433911594327
"TAF7","SLC30A9",0.347460521193877
"TAF7","ANKH",0.178158023807898
"TAF7","NRAS",0.913325521944582
"TAF7","PHF21B",0.729198142869967
"TAF7","DENND4C",0.266316413601755
"TAF7","PGAP3",0.431910692863986
"TAF7","UBA2",0.0897832218379716
"TAF7","ZNF260",0.740327725678467
"TAF7","MT1L",0.507923868376824
"TAF7","STAMBP",0.163500443360912
"TAF7","LYST",0.0744185876331943
"TAF7","ZMYND11",0.162747940542205
"TAF7","SAMD8",0.145331365588097
"TAF7","ILK",0.210976463641005
"TAF7","UQCRC2",0.422334070837778
"TAF7","IL11RA",1.25518559545705
"TAF7","PABPN1",0.104358850777399
"TAF7","UBA6",0.562047643074586
"TAF7","MINPP1",0.303812403664453
"TAF7","SEC13",0.36491526048468
"TAF7","RAB37",0.746443252645624
"TAF7","ZNF213",0.57573167765876
"TAF7","IQSEC3",0.773506594084052
"TAF7","SPOCK2",0.0252175696405818
"TAF7","LASP1",0.451548717531281
"TAF7","SAMD3",0.13670265457966
"TAF7","RAB3GAP2",0.284578825244174
"TAF7","ELMSAN1",0.106249250975025
"TAF7","STX16-NPEPL1",0.32787321756185
"TAF7","LFNG",0.498655056091939
"TAF7","INCENP",0.457085976433899
"TAF7","POM121C",0.272230248421419
"TAF7","LINC01138",0.594040581861963
"TAF7","PIGB",0.205347157072537
"TAF7","LPAR5",0.983278490402766
"TAF7","RTN4IP1",0.199242935420416
"TAF7","STIM1",0.158380445862855
"TAF7","EHD1",0.582691642864947
"TAF7","NABP1",0.422972240502621
"TAF7","VAMP4",0.161071157954237
"TAF7","ZNF292",0.0579154327239951
"TAF7","DHX30",0.127837229671064
"TAF7","ZNF45",0.106757538358207
"TAF7","ZADH2",0.484631859463607
"TAF7","CTDSPL2",0.0935252914052491
"TAF7","PIGC",0.106752413093026
"TAF7","MFAP3",2.2134483020622e-09
"TAF7","PRR5L",0.17077141869711
"TAF7","RNMT",0.0588145139941968
"TAF7","EGR2",0.348093540362275
"TAF7","FOXN2",0.435514939543271
"TAF7","DUSP18",0.30720438527758
"TAF7","INPP5F",0.188058306769087
"TAF7","SH3GLB2",0.789023586329845
"TAF7","RNF41",0.349897645616128
"TAF7","MAP3K13",0.133549106170382
"TAF7","HECTD4",0.143467263886522
"TAF7","PDE4A",0.920023539242968
"TAF7","CPNE7",0.163257621560897
"TAF7","ITPRIP",0.123267667381567
"TAF7","RCN2",0.229097576167216
"TAF7","TCTEX1D4",0.016431914696721
"TAF7","FEM1C",0.212959329775596
"TAF7","CD70",1.49746705225322
"TAF7","TLR1",0.34807119650334
"TAF7","NUMB",0.178989491526872
"TAF7","UNC119",0.142105323847004
"TAF7","BNIP2",0.0761122263209347
"TAF7","SPINT2",0.0802643894392567
"TAF7","KANSL3",0.34345846845378
"TAF7","ZNF777",0.129822490304337
"TAF7","ZNF530",0.148618370982961
"TAF7","FBN3",1.0438287939014
"TAF7","U2AF1L4",0.244993695086084
"TAF7","PPM1G",0.0819286877227083
"TAF7","ATG101",0.530511176842457
"TAF7","ARID5A",0.667498943048251
"TAF7","ZC3H12D",0.193411786183474
"TAF7","FARSA",0.418796520217995
"TAF7","LINC00539",0.339865326080107
"TAF7","RPTOR",0.943731178050762
"TAF7","ETS1",0.0482269117344367
"TAF7","MGMT",0.0905488385212125
"TAF7","BMP1",0.628461080921031
"TAF7","PYHIN1",0.186699954420482
"TAF7","ACSL6",0.7381968334219
"TAF7","SLX4",0.351978888681037
"TAF7","M6PR",0.070410104189945
"TAF7","SESTD1",0.268026617875807
"TAF7","RASGEF1B",0.0286417173382409
"TAF7","LSM8",0.132648258083874
"TAF7","S1PR4",0.358901009816587
"TAF7","KIF1B",0.294099349638185
"TAF7","LAT",0.290217420505974
"TAF7","XPOT",0.17224616948493
"TAF7","SNX18",0.41604226934249
"TAF7","PDE4DIP",0.183809587919145
"TAF7","WDR82",0.116426853600478
"TAF7","ZBTB7A",0.117646308889491
"TAF7","VRK2",0.0925288637612002
"TAF7","RASSF2",0.35848562679163
"TAF7","LGALS8",0.0839132327415607
"TAF7","PCBP1",0.113665077341123
"TAF7","ACTR2",0.626990204963687
"TAF7","LBR",0.318065165131675
"TAF7","ADIPOR1",0.0970780279427762
"TAF7","HDLBP",0.12433657358254
"TAF7","ARHGAP25",0.530006163005152
"TAF7","FCRL3",0.153041457502633
"TAF7","TTC7A",0.235595585503682
"TAF7","RAD21",0.0739750290541439
"TAF7","FANCD2",0.160925610647729
"TAF7","MYCBP",0.160074223221202
"TAF7","SPRED2",0.197271037589751
"TAF7","FBXW4P1",5.36465045114839e-08
"TAF7","TRRAP",0.209328194508215
