regulon	mean_all_CAR+	mean_CAR-	delta_mean	p	fdr
PRDM1(+)	0.16422730552754047	0.08581202556278596	0.07841527996475452	4.389583739753692e-203	1.4046667967211815e-201
EZH2(+)	0.149724044388634	0.09545384695324237	0.05427019743539162	3.484862699818744e-131	5.5757803197099905e-130
TAF7(+)	0.1066722566443759	0.07394720625534583	0.03272505038903008	2.0282465008108544e-117	2.1634629341982448e-116
STAT1(+)	0.13243411698777804	0.09231129564426602	0.04012282134351203	2.3348266880775252e-108	1.8678613504620202e-107
ELF1(+)	0.1482037288205759	0.11016889032896125	0.03803483849161464	9.312884934492757e-82	5.960246358075364e-81
ETS1(+)	0.14345924271357766	0.10786245890957608	0.03559678380400158	2.024096856268922e-80	1.0795183233434251e-79
RAD21(+)	0.10822748101589903	0.08100383423260415	0.027223646783294878	1.0516261239316417e-77	4.807433709401791e-77
IRF1(+)	0.12996849112703698	0.09967837793179203	0.030290113195244953	1.6967298221659496e-71	6.786919288663798e-71
YBX1(+)	0.14227171610898723	0.11499974199010081	0.02727197411888642	9.886565444533482e-58	3.5152232691674605e-57
BCL11A(+)	0.020338975719387198	0.03212921634974487	-0.01179024063035767	4.970563271207062e-53	1.59058024678626e-52
PAX6(+)	0.03807128941113205	0.05237437115008867	-0.014303081738956613	7.370768508882134e-44	2.1442235662202574e-43
JUN(+)	0.13494634396223124	0.11369603378354748	0.021250310178683757	1.6218269603255143e-39	4.3248718942013715e-39
JUND(+)	0.14679467002751645	0.12364340969416561	0.02315126033335084	6.532054440168234e-39	1.607890323733719e-38
PITX1(+)	0.023218901315926094	0.033338322948664845	-0.01011942163273875	2.4013104981371725e-34	5.488709710027823e-34
CHD2(+)	0.10287940971709536	0.08915431886763829	0.01372509084945707	1.1106359077429316e-30	2.369356603184921e-30
BCLAF1(+)	0.10443240070572926	0.0922962431835297	0.012136157522199556	1.1626714548362927e-26	2.3253429096725854e-26
JUNB(+)	0.11568843983638474	0.10347054020405823	0.012217899632326515	2.5693852973532345e-22	4.836489971488442e-22
ZEB2(+)	0.047308419334765706	0.11117660647693318	-0.06386818714216748	7.315600986062118e-18	1.3005512864110433e-17
FOS(+)	0.11466595384731117	0.10486088901836803	0.009805064828943139	1.6709360681974665e-17	2.814208114858891e-17
LHX2(+)	0.017670907570783143	0.02139657900379211	-0.003725671433008969	5.91280761398322e-16	9.460492182373152e-16
RUNX3(+)	0.12814054711668302	0.12042833351380391	0.007712213602879103	7.924467642213643e-15	1.2075379264325551e-14
TCF7(+)	0.40736442643088366	0.3943092834374121	0.013055142993471547	9.70560966869032e-09	1.411725042718592e-08
NR5A1(+)	0.015836542855853997	0.011582194151638784	0.004254348704215214	9.805930556392734e-07	1.364303381758989e-06
TAL1(+)	0.029292788540530086	0.03301024846959351	-0.0037174599290634228	1.1571947617405008e-06	1.5429263489873344e-06
ZSCAN10(+)	0.02177423889701605	0.0239755490886815	-0.002201310191665449	0.003507893821061294	0.004416788949891894
TBX15(+)	0.024948500070341863	0.020555324944096325	0.0043931751262455375	0.003588641021787164	0.004416788949891894
MSX1(+)	0.011155286142355792	0.010279522325526865	0.0008757638168289273	0.009254999283202605	0.010968888039351235
HES5(+)	0.01973903934792202	0.02146893928692185	-0.0017298999389998293	0.01472972847080949	0.016833975395210844
LEF1(+)	0.07748942011653134	0.08783981535898451	-0.010350395242453167	0.039897449445370894	0.04402477180178857
POU2F3(+)	0.010090350681512802	0.011197378384591576	-0.001107027703078774	0.39823404598271506	0.4247829823815627
SMAD1(+)	0.010233969623435148	0.010282654062074669	-4.8684438639520766e-05	0.48350077022400495	0.49909756926348897
THRB(+)	0.018472866679396165	0.02104975191940184	-0.002576885240005676	0.7164497052390648	0.7164497052390648
